date,weekday,time,arena,price
2026-10-16,Fri,8:30 PM,Turfnation A (5-a side),4000
2026-10-30,Fri,8:30 PM,Turfnation A (5-a side),4000
2026-11-06,Fri,8:30 PM,Turfnation B (6-a side),4500
2026-11-13,Fri,8:30 PM,Turfnation B (6-a side),4500
2026-11-19,Thu,8:30 PM,Turfnation A (5-a side),4000
2026-11-20,Fri,8:30 PM,Turfnation A (5-a side),4000
2026-11-20,Fri,8:30 PM,Turfnation B (6-a side),4500
2026-11-27,Fri,8:30 PM,Turfnation A (5-a side),4000
2026-11-27,Fri,8:30 PM,Turfnation B (6-a side),4500
2026-11-29,Sun,8:30 PM,Turfnation A (5-a side),4000
2026-12-02,Wed,8:30 PM,Turfnation A (5-a side),4000
2026-12-03,Thu,8:30 PM,Turfnation A (5-a side),4000
2026-12-04,Fri,8:30 PM,Turfnation A (5-a side),4000
2026-12-04,Fri,8:30 PM,Turfnation B (6-a side),4500
2026-12-05,Sat,8:30 PM,Turfnation A (5-a side),4000
2026-12-09,Wed,8:30 PM,Turfnation A (5-a side),4000
2026-12-10,Thu,8:30 PM,Turfnation A (5-a side),4000
2026-12-11,Fri,8:30 PM,Turfnation A (5-a side),4000
2026-12-11,Fri,8:30 PM,Turfnation B (6-a side),4500
2026-12-12,Sat,8:30 PM,Turfnation A (5-a side),4000
2026-12-15,Tue,8:30 PM,Turfnation A (5-a side),4000
2026-12-17,Thu,8:30 PM,Turfnation A (5-a side),4000
2026-12-18,Fri,8:30 PM,Turfnation A (5-a side),4000
2026-12-18,Fri,8:30 PM,Turfnation B (6-a side),4500
2026-12-19,Sat,8:30 PM,Turfnation A (5-a side),4000
